<?xml version="1.0" encoding="UTF-8"?>
<pdi xmlns:xsi="http://www.w3.org/2001/XMLSchema-instance">
    
    <element>
        <fichiers>
            <fichier>
                <scd_nom_fichier>XMLTEST1.xml</scd_nom_fichier>
            </fichier>
         </fichiers>
      </element>
    
    <element>
        <fichiers>
            <fichier>
                <scd_nom_fichier>XMLTEST2.xml</scd_nom_fichier>
            </fichier>
        </fichiers>
    </element>
    
    <element>
        <fichiers>
            <fichier>
                <scd_nom_fichier>XMLTEST3.xml</scd_nom_fichier>
            </fichier>
        </fichiers>
    </element>
    
    <element>
        <fichiers>
            <fichier>
                <scd_nom_fichier>XMLTEST4.xml</scd_nom_fichier>
            </fichier>
        </fichiers>
    </element>
    
    <element>
        <fichiers>
            <fichier>
                <scd_nom_fichier>XMLTEST5.xml</scd_nom_fichier>
            </fichier>
        </fichiers>
    </element>
    
</pdi>