<?xml version="1.0" encoding="UTF-8"?>
<personnel>
    <person id="Big.Boss">
        <name>
            <family>Boss</family>
            <given>Big</given>
        </name>
        <files>
            <file>xmlTest.xml</file>
            <file>Test4.zip</file>    
            
        </files>
        
        <email>chief@oxygenxml.com</email>
        <link subordinates="one.worker two.worker three.worker four.worker five.worker"/>
    </person>
    <person id="one.worker">
        <name>
            <family>Worker</family>
            <given>One</given>
        </name>
        
       <files>
           <file>xmlTest1.xml</file>
           <file>Test4.zip</file>   
           
       </files>
        
        <email>one@oxygenxml.com</email>
        <link manager="Big.Boss"/>
    </person>
    <person id="two.worker">
        <name>
            <family>Worker</family>
            <given>Two</given>
        </name>
        <files>
            <file>Test4.zip</file>    
        </files>
        
        <email>two@oxygenxml.com</email>
        <link manager="Big.Boss"/>
    </person>
    <person id="three.worker">
        <name>
            <family>Worker</family>
            <given>Three</given>
        </name>
        <files>
            <file>xmlTest2.xml</file>
            <file>Test4.zip</file>
            
        </files>
         <email>three@oxygenxml.com</email>
        <link manager="Big.Boss"/>
    </person>
    <person id="four.worker">
        <name>
            <family>Worker</family>
            <given>Four</given>
        </name>
        <files>
            <file>xmlTest3.xml</file>
            <file>Test4.zip</file>    
        </files>
        
        <email>four@oxygenxml.com</email>
        <link manager="Big.Boss"/>
    </person>
    <person id="five.worker">
        <name>
            <family>Worker</family>
            <given>Five</given>
        </name> 
        <files>
            <file>xmlTest4.xml</file>
            <file>Test4.zip</file>
            
            
        </files>
                <email>five@oxygenxml.com</email>
        <link manager="Big.Boss"/>
    </person>
</personnel>